Andrey,182295580, /hi
Andrey,182295580, /time
Andrey,182295580, /sum 123 321
Andrey,182295580, /help
Andrey,182295580, /sum 31 -1
Andrey,182295580, /hi
Andrey,182295580, /help
Andrey,182295580, /help
Andrey,182295580, /help
Andrey,182295580, /sum
Andrey,182295580, /sum 65 5
Andrey,182295580, /help
Andrey,182295580, /start
Andrey,182295580, /help
Andrey,182295580, Русский
Andrey,182295580, /start
Andrey,182295580, /help
Andrey,182295580, /help
Andrey,182295580, /help
Andrey,182295580, /help
Andrey,182295580, /start
Andrey,182295580, Привет!
Andrey,182295580, Эхо
Andrey,182295580, /help
Andrey,182295580, /help
Andrey,182295580, /help
Andrey,182295580, /help
Andrey,182295580, /help
Andrey,182295580, /help
Andrey,182295580, /help
Andrey,182295580, 1
Andrey,182295580, Раз два
Andrey,182295580, /sum
Andrey,182295580, /sum
